"pair","verdict","source","url","publication_year","underlying_data_vintage","evidence_class","what_it_states","figure","metric_identity","loss_basis","denominator","geography_population","loss_pathway","exact_pair_specificity","subsystem","caveats"
"hail × utility-scale solar PV","IN_GEN1","kWh Analytics, Solar Risk Assessment 2025","https://kwhanalytics.com/wp-content/uploads/2025/06/Solar-Risk-Assessment-2025.pdf","2025","loss database; avg 4 yr loss history per site; vintage window not stated in article text","R1","Hail accounts for 73% of total financial losses despite 6% of loss incidents; +8% vs prior year; 19% of hail losses in North Carolina","73% / 6% / 19%","Peril share of portfolio loss dollars; peril share of loss-incident count","ground-up","portfolio loss amount","US solar in kWh loss database","physical damage","exact-pair","PV module glass","share, not EAL; no TIV denominator"
"hail × utility-scale solar PV","IN_GEN1","kWh Analytics loss-database slide in FM/ARRAY webinar deck","https://www.pv-magazine.com/wp-content/uploads/2025/07/All-presentations-2.pdf","2025","2012–2025; 13k+ asset-years; $100bn TIV-years; 92 GWdc; all 50 states","R1","Distribution by damage amount ($): hail 72.5%; ground-up losses $1.5bn","72.5%; $1.5bn","Peril share of ground-up loss dollars; total ground-up portfolio loss","ground-up","portfolio loss amount ($1.5bn)","US, all 50 states","physical damage","exact-pair","PV modules","by-count series in extracted text could not be reliably mapped to categories"
"hail × utility-scale solar PV","IN_GEN1","AXIS Capital, Solar vs Hail — What the Claims Data is Telling Us","https://axiscapital.foleon.com/thought-leadership/solarvshail/what-the-claims-data-is-telling-us","2025","closed claims, dates of loss 2019–2025","R1","Hail = 27% of global natcat/extreme-weather solar gross claim amount; 55% in US+Canada","27%; 55%","Peril share of gross claim amount (PD+BI+DSU pre-deductible)","gross","natcat/weather solar claim amount","global; US+Canada","physical damage + BI + DSU","exact-pair","PV modules (90% of natcat claims: modules primary damaged component)","share, not EAL"
"hail × utility-scale solar PV","IN_GEN1","AXIS Capital, Solar vs Hail — claims data","https://axiscapital.foleon.com/thought-leadership/solarvshail/what-the-claims-data-is-telling-us","2025","open+closed claims 2019–2025","R1","Failed stow $380k/MW; fixed-tilt $340k/MW; successful stow $150k/MW; heat-strengthened glass +$50k/MW; successful 60° stow case 3% panels, $20k/MWac","$380k / $340k / $150k / $20k per MWac","Average gross claim amount per MWac installed capacity","gross","$/MWac installed capacity","global, US-dominant (Texas top state)","physical damage + BI + DSU","exact-pair","PV modules; trackers","not a TIV ratio; conditional on a claim occurring"
"hail × utility-scale solar PV","IN_GEN1","AXIS Capital, Solar vs Hail","https://axiscapital.foleon.com/thought-leadership/solarvshail/what-the-claims-data-is-telling-us","2025","open+closed claims 2019–2025","R1","OAR losses = 73% of hail claim frequency; CAR average gross claim ≈3× OAR; 50% of under-construction tracker claims had modules out of stow","73%; ≈3×","Claim frequency share by policy type; ratio of average gross claim amounts","gross","claim count; claim amount","global","physical damage","exact-pair","modules on pallets/low tilt","construction vs operations split"
"hail × utility-scale solar PV","IN_GEN1","Gallagher Re / AXIS, Improving Underwriting for Renewable Assets","https://www.ajg.com/gallagherre/-/media/files/gallagher/gallagherre/news-and-insights/2026/april/improving-underwriting-for-renewable-assets.pdf","2026","AXIS claims 2019–2025; hazard model 1979–2015 hail climatology","R1/R2",">1m PV modules damaged, USD342m cumulative gross claim; Texas top state by an order of magnitude vs Nebraska; Gallagher Re computes AAL Ratio (AALR) per location with tailored vulnerability curves for solar","$342m","Cumulative gross claim amount; AAL ratio (methodology only, no value)","gross","claim amount; per unit currency of exposure (AALR)","global; South Africa case study","physical damage","exact-pair","PV modules","AALR values not published"
"hail × utility-scale solar PV","IN_GEN1","kWh Analytics, Solar Risk Assessment 2026","https://kwhanalytics.com/industry-reports/2026-solar-risk-assessment/","2026","underlying vintage not disclosed","R3","Pass/fail criterion: configurations where the 1-in-100 hail loss exceeds 10% of asset value are ""fail""; for 13% of the US both hail-hardened modules and robust stow are needed","1-in-100 loss > 10% of asset value; 13% of US","Return-period loss (1-in-100) as % of asset value","not stated","asset value","continental US; 100 MW single-axis tracker archetype","physical damage","exact-pair","modules + tracker stow","threshold, not a distribution; modelled not incurred"
"hail × utility-scale solar PV","IN_GEN1","Allianz Commercial (citing Swiss Re)","https://commercial.allianz.com/news-and-insights/expert-risk-articles/global-risk-dialogue-2025-net-zero-transition-claims.html","2025 (article dated Feb 2025)","Swiss Re research published Jul 2024; underlying vintage not disclosed","R1","""Hail accounts for 60% of total solar losses with only 3% claims, according to Swiss Re""","60% / 3%","Peril share of total solar losses; share of claims by count","not stated","total solar losses","global","physical damage","exact-pair","PV modules","second-hand citation of Swiss Re"
"hail × utility-scale solar PV","IN_GEN1","GCube via POWER Magazine, North American Nat Cat Update","https://www.powermag.com/evolving-extreme-weather-risks-posing-unprecedented-insurance-woes-for-renewables/","2022","summer 2022 events; 3-year comparison window","R2/R4","Texas hail losses estimated >$300m solar damage — ""more than twice as severe as other key renewable losses over the last three years combined""; multiple solar losses exceeded sublimits of up to $50m",">$300m; $50m sublimit","Total event/season loss; policy sublimit","not stated","event loss; policy sublimit","Texas, US","physical damage","exact-pair","PV modules","insurer press estimate"
"hail × utility-scale solar PV","IN_GEN1","FM large-loss table, FM/ARRAY webinar deck","https://www.pv-magazine.com/wp-content/uploads/2025/07/All-presentations-2.pdf","2025","events 2016, 2019, 2022, 2024","R4","2016 TX solar under construction $80m; 2019 Midway Solar $75m; 2022 3 TX projects $110m; 2024 3 TX projects $120m","$75m–$120m per event/cluster","Insured amount paid per event","net of deductibles/sublimits (insured paid)","event insured loss","Texas / US","physical damage","exact-pair","PV modules","est'd values"
"hail × utility-scale solar PV","IN_GEN1","FM/ARRAY deck, 2022 Texas event table","https://www.pv-magazine.com/wp-content/uploads/2025/07/All-presentations-2.pdf","2025","May–Jun 2022 events","R4","Pecos Co: 3.5in hail, damage $150–200m, insured paid ≈$50m; Brown Co: damage $48m, paid ≈$29m; Andrews Co: damage $40m, paid ≈$34m","gross $40–200m vs paid $29–50m","Event damage vs insured amount paid","both bases shown","event loss","Texas","physical damage","exact-pair","PV modules; pallet-stored modules","shows gross-to-net gap of 3–4×"
"hail × utility-scale solar PV","IN_GEN1","FM/ARRAY deck, 12-event dataset","https://www.pv-magazine.com/wp-content/uploads/2025/07/All-presentations-2.pdf","2025","12 large hail events 2016–2024","R3/R4","By front-glass thickness: 3.2mm, 9 events, $36.39m insured damage, 2.69in avg hail; 2.8mm, 2 events, $20.5m; 2.5mm, 1 event, $46.0m; 50% of events ""didn't stow for hail""","see cell","Insured damage per event group; insured damage per MW ×10","insured (paid)","event insured damage; $/MW","US","physical damage","exact-pair","modules; tracker stow","small n; per-MW column units ambiguous in extracted text"
"hail × utility-scale solar PV","IN_GEN1","FM Data Sheet 7-106, Ground-Mounted Solar PV","https://www.fm.com/-/media/project/publicwebsites/fmglobal/documentum-new/data-sheet-individual/07-hazards/fmds07106.pdf","2012, interim revision April 2026","FM loss experience; vintage not disclosed","R1","Minimum hail ratings for PV modules: moderate 1.5in/8 ft-lb; severe 1.75in/14 ft-lb; very severe 2.5in/53 ft-lb; requires defensive hail-stow design and design for worst-case wind load in stow","1.5/1.75/2.5in; 8/14/53 ft-lb","Prescriptive design/impact-energy thresholds","n.a.","n.a.","US + global","physical damage","exact-pair","PV modules; trackers","prescriptive, not loss data"
"hail × utility-scale solar PV","IN_GEN1","Norton Rose Fulbright / kWh Analytics, Climbing insurance premiums","https://www.projectfinance.law/publications/2020/december/climbing-insurance-premiums","2020","2019–2020 market","R2","Solar P&C premiums up to +400% over two years; deductibles now typically 5% of total asset value for cat perils; nat-cat sublimits for SCS (hail, tornado, straight-line wind); difficulty securing capacity above $20m; 2019 Texas hail claim $70–80m","+400%; 5% TIV deductible; $20m capacity; $70–80m","Premium change; deductible as % of asset value; capacity limit; single-claim amount","not stated","premium; total asset value; claim","US solar","physical damage","exact-pair (hail) and exact-pair (SCS incl. tornado/SLW)","","2020 vintage; market has since softened"
"hail × utility-scale solar PV","IN_GEN1","Pryor & Barthelmie, Hail as a damage vector for renewable energy, iScience","https://pmc.ncbi.nlm.nih.gov/articles/PMC12811466/","2025 (collection Jan 2026)","ASOS + NEXRAD 2005–2022 (18 yr)","R6","P30 events ~12.6/yr CONUS, 19.5/yr in the Southeast (28% of US solar PV); P50 ~0.42/yr CONUS, 0.62/yr Southeast; cites Texas PV hail losses of $600m since 2018 and payout caps of $15–40m","12.6 / 19.5 / 0.42 / 0.62 per yr; $600m; $15–40m","Annual frequency of damaging-hail flux events (>11 stones >30/50mm per m² per min); cumulative regional loss; payout cap","not stated for $600m","event frequency; regional loss","CONUS","physical damage + degradation","exact-pair","PV module glass/cells","hazard frequency, not loss"
"wildfire × utility-scale solar PV","IN_GEN1","AXIS Capital, Solar vs Hail — claims data","https://axiscapital.foleon.com/thought-leadership/solarvshail/what-the-claims-data-is-telling-us","2025","closed claims 2019–2025","R1","In US+Canada, hail dominates natcat/weather gross claim amount at 55% ""with wildfire shortly behind""","wildfire 2nd; hail 55%","Rank + peril share of gross claim amount","gross","natcat/weather claim amount","US + Canada","physical damage + BI + DSU","exact-pair","modules; balance of plant","wildfire % not printed in fetched text"
"wildfire × utility-scale solar PV","IN_GEN1","AXIS claims summary in FM/ARRAY deck","https://www.pv-magazine.com/wp-content/uploads/2025/07/All-presentations-2.pdf","2025","AXIS claims to Jul 2025","R1","""AXIS' claims data notes 55% of losses are from hail, with wildfire and tornado being 23% and 18% respectively (July 2025)""","wildfire 23%; tornado 18%","Peril share of solar claim amount","gross","claim amount","US+Canada (per AXIS regional cut)","physical damage","exact-pair","modules","third-party restatement of AXIS"
"wildfire × utility-scale solar PV","IN_GEN1","FM large-loss table, FM/ARRAY deck","https://www.pv-magazine.com/wp-content/uploads/2025/07/All-presentations-2.pdf","2025","2020 and 2023 events","R4","2020 California & Pacific Northwest wildfires (mainly solar): several multi-million-dollar losses, some exceeding $10m; 2023 California wildfire & wind losses (mainly solar): up to $100m",">$10m; up to $100m","Insured amount paid per event cluster","insured (paid)","event insured loss","California / Pacific NW","physical damage","exact-pair (labelled ""mainly solar""); wildfire and wind combined in 2023 row","","2023 row mixes wildfire and wind"
"wildfire × utility-scale solar PV","IN_GEN1","GCube via Insurance Journal (Hail or High Water)","https://www.insurancejournal.com/news/national/2021/07/20/623476.htm","2021","a decade of industry claims data (≈2011–2020)","R2","~50% of all claims for solar asset damage due to extreme weather were caused by wildfire; wildfires have cost the solar industry ""tens of millions of dollars"" over the decade; many insurers adopted blanket wildfire exclusions","~50%; tens of $m","Peril share of extreme-weather solar claims; decade cumulative loss","not stated","extreme-weather solar claims","US / global","physical damage","exact-pair","modules; components","frequency/claims-count basis ambiguous; pre-dates 2022+ hail surge"
"wildfire × utility-scale solar PV","IN_GEN1","kWh loss-database slide, FM/ARRAY deck","https://www.pv-magazine.com/wp-content/uploads/2025/07/All-presentations-2.pdf","2025","2012–2025","R1","Fire = 4.81% of loss dollars in the kWh solar loss database","4.81%","Peril share of ground-up loss dollars","ground-up","portfolio loss amount","US","physical damage","asset-class-only for ""fire"" (wildfire + on-site brushfire combined)","","not wildfire-specific"
"wildfire × utility-scale solar PV","IN_GEN1","kWh Analytics, Solar Risk Assessment 2026","https://kwhanalytics.com/industry-reports/2026-solar-risk-assessment/","2026",">$150bn of renewable energy loss data; window not disclosed","R1","Fire is the second-largest loss driver at PV sites; only 4% of PV fire loss events occur in high wildfire-risk areas; 84% of fire events are equipment-driven brushfires","4%; 84%","Share of fire loss events by wildfire-hazard zone; share of fire events by ignition class","ground-up","fire loss-event count","US","physical damage","exact-pair (splits wildfire from equipment fire)","","event counts, not dollars"
"wildfire × utility-scale solar PV","IN_GEN1","Norton Rose Fulbright / kWh Analytics","https://www.projectfinance.law/publications/2020/december/climbing-insurance-premiums","2020","2020 wildfire season","R2/R4","Two plants in Rosamond, California and a project in Bakersfield had significant wildfire claims during the 2020 wildfire season; deductibles on hail, wildfire and earthquake cover increased significantly","named claims; no $","Named claim existence; deductible direction","not stated","n.a.","California","physical damage","exact-pair","n.a.","no figures"
"wildfire × utility-scale solar PV","IN_GEN1 (degradation co-pathway)","60Hertz Energy in kWh Solar Risk Assessment 2025","https://kwhanalytics.com/wp-content/uploads/2025/06/Solar-Risk-Assessment-2025.pdf","2025","40 sites, 1.2 GWh; May 2025 fire season; 2023 Canadian wildfires","R3/R6","Solar assets can lose up to 6% of annual revenue from major smoke events even when fires are hundreds of miles away; some developers saw 60% of national portfolios lose double-digit generation over two-week windows; 65% of ~700 active fires were in Midwest/Northeast/Southeast","6% of annual revenue; double-digit % generation","Annual revenue loss %; generation loss %","n.a. (revenue)","annual site revenue; generation","US (West, Southeast, Northeast)","degradation / business interruption (uninsured production loss)","exact-pair","PV modules (soiling/irradiance)","revenue basis, not TIV; NOAA-funded vendor research"
"wildfire × utility-scale solar PV","IN_GEN1","FM Data Sheet 7-106","https://www.fm.com/-/media/project/publicwebsites/fmglobal/documentum-new/data-sheet-individual/07-hazards/fmds07106.pdf","2012, rev. April 2026","underlying vintage not disclosed","R1","Requires space separation and protection from wildland fires per DS 9-19; requires irrigation or growth control keeping vegetation below 6 in.","6 in. vegetation height","Prescriptive loss-prevention threshold","n.a.","n.a.","global","physical damage","exact-pair","site vegetation; modules","prescriptive"
"flood × utility-scale solar PV","IN_GEN1","Moody's (RMS) Analytical Services case study","https://www.moodys.com/web/en/us/insights/insurance/applying-specialized-risk-treatment-to-a-solar-farm.html","2025","underlying vintage not disclosed","R1/R3","Exposure disaggregation of a 2,700-acre US solar plant increased the flood AAL by nearly 230%; windstorm AAL increased only 2%; result gave ""a measurable basis for premium loadings""","+230% flood AAL; +2% wind AAL","Change in modelled Average Annual Loss","modelled (basis not stated)","AAL (currency not disclosed)","one US utility-scale solar farm adjacent to a reservoir","physical damage","exact-pair","panels (gridded), switchyard, substations","relative change only; no absolute AAL"
"flood × utility-scale solar PV","IN_GEN1","kWh loss-database slide, FM/ARRAY deck","https://www.pv-magazine.com/wp-content/uploads/2025/07/All-presentations-2.pdf","2025","2012–2025, 92 GWdc, all 50 states","R1","Flood = 0.197% of loss dollars in the kWh solar loss database","0.197%","Peril share of ground-up loss dollars","ground-up","portfolio loss amount ($1.5bn)","US","physical damage","exact-pair","n.a.","strongest counter-evidence for US operational materiality"
"flood × utility-scale solar PV","IN_GEN1","FM large-loss table, FM/ARRAY deck","https://www.pv-magazine.com/wp-content/uploads/2025/07/All-presentations-2.pdf","2025","2024 event","R4","2024 Noor Energy 1 CSP facility, Dubai UAE, construction: ""Flooding destroyed heliostats"", >$300m (est'd)",">$300m","Insured amount paid, single event","insured (paid)","event insured loss","Dubai, UAE","physical damage","adjacent — CSP heliostats in construction, not utility-scale PV","","must not be transferred to PV"
"flood × utility-scale solar PV","IN_GEN1","Allianz Commercial, Claims activity in the age of greening","https://commercial.allianz.com/news-and-insights/expert-risk-articles/global-risk-dialogue-2025-net-zero-transition-claims.html","2025","2024 events","R1","""floods in the United Arab Emirates caused damage to foundations and construction at one of the world's largest solar projects""","no figure","Named claim existence","n.a.","n.a.","UAE","physical damage","exact-pair (solar project, construction phase)","","qualitative"
"flood × utility-scale solar PV","IN_GEN1","GCube via Claims Journal, Arrested Development","https://www.claimsjournal.com/news/national/2024/09/19/326185.htm","2024","global construction claims 2013–2022; $275m onshore CAR/DSU","R2","Weather and nat cat = 48% of onshore renewables construction losses; flooding and heavy rainfall = 18% of total claims by frequency but 46% of total claims cost","48%; 18%; 46%","Peril share of construction loss severity; share of claim frequency; share of claim cost","not stated","onshore renewables construction claim cost ($275m)","global","physical damage + DSU","asset-class-mixed (onshore wind + solar construction)","","cannot be split between wind and solar"
"flood × utility-scale solar PV","IN_GEN1","FM Data Sheet 7-106","https://www.fm.com/-/media/project/publicwebsites/fmglobal/documentum-new/data-sheet-individual/07-hazards/fmds07106.pdf","2012, rev. April 2026","underlying vintage not disclosed","R1","Locate equipment 1–2 ft above the 500-year MRI flood level; elevate access roads 1–2 ft above 500-year MRI; direct run-off to prevent ground scour disturbing equipment and support frames","500-yr MRI + 1–2 ft","Prescriptive return-period siting threshold","n.a.","n.a.","global","physical damage","exact-pair","equipment (inverters/switchyard), support frames, access roads","prescriptive; implies 1-in-500 as the underwriting reference RP"
"flood × utility-scale solar PV","IN_GEN1","kWh Analytics, Solar Risk Assessment 2025","https://kwhanalytics.com/wp-content/uploads/2025/06/Solar-Risk-Assessment-2025.pdf","2025","loss database (avg 4 yr per site)","R1","""Flood-prone sites should ensure that system equipment is elevated above potential flood depths, and have a flood stow protocol in place to elevate the modules above the water""","no figure","Insurer risk-mitigation guidance","n.a.","n.a.","US","physical damage","exact-pair","electrical equipment; modules","qualitative"
"convective wind × onshore wind farm","IN_GEN1","Xcel Energy / Northern States Power, ND PSC Case PU-15-174 filing","https://www.psc.nd.gov/webdocs/case/15-0174/139-010.pdf","2026 (filed 26 Feb 2026)","event June 2025; status as of Feb 2026","R1 (regulatory filing)","EF-5 tornado and high-speed winds damaged Courtenay Wind Farm; 13 of 100 turbines operating, 35 severely damaged and totally inoperable, 53 being assessed; claims process started with insurers; repowering possible 2028+","35/100 destroyed; 87/100 not operating","Physical damage count / asset-population damage ratio","n.a. (no $ disclosed)","turbine count (100)","Courtenay, North Dakota","physical damage + business interruption","exact-pair, tornado-specific","blades (10 landed in fields), full turbines","no dollar figure; damage count still developing (16→13 operating)"
"convective wind × onshore wind farm","IN_GEN1","FM large-loss table, FM/ARRAY deck","https://www.pv-magazine.com/wp-content/uploads/2025/07/All-presentations-2.pdf","2025","2024 event","R4/R1","""2024 — Iowa Wind projects — Tornado — $50m (Est'd)"" insured amount paid","$50m","Insured amount paid, event/cluster","insured (paid)","event insured loss","Iowa, US","physical damage","exact-pair, tornado-specific","n.a.","single line item; no TIV denominator"
"convective wind × onshore wind farm","IN_GEN1","Tokio Marine GX market update","https://tmgx.com/insights/articles/renewable-energy-market-faces-worst-start-to-the-year-for-extreme-weather-losses","2026","preliminary 2026 YTD internal claims data","R1","""$95 million in aggregated renewable energy losses from multiple SCS outbreaks across the central and eastern US, including tornado and hail-driven damage to both solar and onshore wind projects""; >$300m total renewables extreme-weather losses YTD","$95m; >$300m","Aggregated insured loss, period-to-date","insured","aggregated portfolio loss","central/eastern US; global","physical damage","asset-class-mixed (solar + onshore wind) but names onshore wind and tornado explicitly","","preliminary; cannot be split by asset"
"convective wind × onshore wind farm","IN_GEN1","GCube via POWER Magazine","https://www.powermag.com/evolving-extreme-weather-risks-posing-unprecedented-insurance-woes-for-renewables/","2022","last three years to 2022","R2","Over the last three years the industry recorded 40 severe storms (high winds, hail, tornadoes, derechos) vs 13 traditional windstorm events; tornado losses in some cases match the anticipated value of damages from Hurricane Hanna","40 vs 13 events","Event counts by peril class; qualitative severity comparison","n.a.","event count","North America renewables","physical damage","renewable-general","","not asset-split"
"convective wind × onshore wind farm","IN_GEN1","FM Data Sheet 13-10, Land-Based Wind Turbines and Farms","https://www.fm.com/-/media/project/publicwebsites/fmglobal/documentum-new/data-sheet-individual/13-mechanical/fmds1310.pdf","2012, interim revision October 2025","underlying vintage not disclosed","R1","""Windstorms can cause damage to components such as rotor blades or can topple a turbine due to excessive overturning forces, causing either buckling of the support tower or failure of the tower foundation""; requires partial safety factor ≥1.5 and Iw of 1.15 in specified exposures","Lw ≥1.5; Iw 1.15","Prescriptive design load factors","n.a.","n.a.","global onshore","physical damage","exact-pair (extreme wind, not tornado-specific)","tower, foundation, blades","prescriptive; extreme-wind model does not represent tornado"
"hurricane / tropical cyclone × onshore wind farm","IN_GEN1","FEMA Mitigation Assessment Team Report, Hurricanes Irma and Maria in Puerto Rico","https://www.fema.gov/sites/default/files/2020-07/mat-report_hurricane-irma-maria-puerto-rico_2.pdf","2018/2020","Sept 2017 event; 2013-vintage turbines","R5/R6","Punta de Lima Wind Farm, 13 three-bladed turbines, Naguabo; wind speeds ~130 mph caused severe blade damage; some blades broken off supports, others shredded; ""in some cases, all three blades and the top portion of the tower were severed from the tower support""","13 turbines; ~130 mph","Damage-state description; estimated wind speed","n.a.","turbine count","Puerto Rico","physical damage","exact-pair","blades; upper tower","no dollar figure"
"hurricane / tropical cyclone × onshore wind farm","IN_GEN1","Puerto Rico Energy Bureau Resolution and Order, Case CT-2016-0007","https://energia.pr.gov/wp-content/uploads/sites/7/2025/01/20250110-CT20160007-Resolution-and-Order.pdf","2025","Sept 2017 event; restoration to Mar 2024","R1 (regulatory)","13 Vestas V100 2.0 MW turbines; Hurricane María ""caused severe damage to the Island's energy infrastructure, including the Facility, which remained out of operation for several years""; Santander foreclosed and made significant capital investments to repair and reconstruct; COD 7 Mar 2024","13 turbines; ~6.5 yr outage","Outage duration; asset population","n.a.","turbine count; time","Puerto Rico","physical damage + business interruption","exact-pair","full turbines","no loss figure in this order"
"hurricane / tropical cyclone × onshore wind farm","IN_GEN1","PR Energy Resiliency Working Group report (NY Governor's Office)","https://www.governor.ny.gov/sites/default/files/atoms/files/PRERWG_Report_PR_Grid_Resiliency_Report.pdf","2017/2018","Sept 2017 event","R5","""The Punta Lima wind farm suffered significant damage, with loss of approximately half the blades and damage to vertical posts. The other wind farm (Santa Isabel) was seemingly intact."" Estimated repair cost $25m for the wind farm; repair/replacement estimated at 9–12 months","~50% of blades; $25m","Component damage ratio; estimated repair cost","repair cost estimate (not an insured loss)","blade count; repair $","Puerto Rico, 26 MW","physical damage","exact-pair","blades; vertical posts","estimate only; conflicts with total-destruction accounts"
"hurricane / tropical cyclone × onshore wind farm","IN_GEN1","Swiss Re, Wind farms: harvesting energy on shaky grounds and in stormy seas","https://www.swissre.com/dam/jcr:dd24316a-aab5-446a-9758-7d58215e24df/Windfarms+Harvesting+energy+on+shaky+grounds+EN.pdf","2017","events 2013, 2015; modelling to 2016/2030","R1","""Super Typhoon Soudelor brought down several wind turbines in a wind farm in Taiwan in 2015""; ""in 2013, Super Typhoon Usagi damaged wind turbines situated directly on the coast in China's Guangdong Province""; nat cat coverage protects against storms, floods, earthquakes or wildfires; published 50/200-yr market-loss figures are **offshore storm only**","offshore storm 50/200-yr: China $65m/$256m (2016) → $3,717m/$8,359m (2030); N. America $0/$0.15m → $1,079m/$3,587m","Return-period market loss (50-yr, 200-yr)","market loss (basis not stated)","market loss $","Asia, Europe, North America — offshore","physical damage + BI","onshore events named qualitatively; the quantified return-period losses are offshore only","","do not transfer offshore figures onshore"
"hurricane / tropical cyclone × onshore wind farm","IN_GEN1","FM Data Sheet 13-10","https://www.fm.com/-/media/project/publicwebsites/fmglobal/documentum-new/data-sheet-individual/13-mechanical/fmds1310.pdf","2012, rev. October 2025","underlying vintage not disclosed","R1","Wind load Importance Factor 1.15 for tropical-cyclone-prone regions; requires 12 hours of independent yaw-control power capacity in tropical-cyclone-prone regions vs 6 elsewhere; otherwise assume ±180° yaw error","Iw 1.15; 12 h vs 6 h","Prescriptive design/loss-prevention thresholds","n.a.","n.a.","global onshore, TC-prone regions","physical damage","exact-pair","yaw system; tower; blades","prescriptive"
"hurricane / tropical cyclone × onshore wind farm","IN_GEN1","GCube (Fraser McLachlan) in Windpower Engineering","https://www.windpowerengineering.com/catastrophic-insurance-for-wind-farms-2/","2011","2008 Hurricane Ike; 2005 Katrina","R2/R4","Hurricane Ike near Jamaica: $28m wind project, winds >140 mph, ""nearly all nacelle covers were lost"", damage limited to electrical components and feathered blades, wind-driven flexing damaged blade roots; insurers set windstorm sublimits; most projects buy cat cover to 30–50% of asset value","$28m project; 30–50% of asset value","Project value; typical cat-limit as % of asset value","limit basis","asset value","Jamaica; US Gulf/East Coast","physical damage","exact-pair","nacelle covers, blade roots, electrical","2011 vintage; benign outcome at 140 mph"
"hurricane / tropical cyclone × onshore wind farm","IN_GEN1 (contradicting)","Taipei Times / Energy Administration","https://www.taipeitimes.com/News/taiwan/archives/2025/07/08/2003839950","2025","Typhoon Danas, July 2025","R4","More than 400 offshore wind turbines remained undamaged; ""no reports of wind turbine damage have been received so far""; >650 electricity poles and three transmission towers collapsed","0 turbines damaged","Damage count","n.a.","turbine count","Taiwan","physical damage","adjacent (offshore turbines)","","offshore, IEC Class T design; not onshore"
"convective wind × utility-scale solar PV","IN_GEN1","AXIS Capital, Solar vs Hail — claims data","https://axiscapital.foleon.com/thought-leadership/solarvshail/what-the-claims-data-is-telling-us","2025","closed claims 2019–2025","R1","""strong wind — encapsulating winds produced by named storm, SCS, sandstorm, and other wind weather phenomena — has had the highest claims frequency of 23% ... and makes up 45% on a claims amount perspective""; many hail claims also saw SCS wind damage, more likely where twisters and tornados are present","23% frequency; 45% of claim amount","Peril-class share of claim frequency; share of gross claim amount","gross","natcat/weather solar claim amount","global","physical damage + BI + DSU","asset-class exact but peril-aggregated (named storm + SCS + sandstorm bundled)","","this is the key mapping problem for the InfraSure `solar_strong_wind` cell"
"convective wind × utility-scale solar PV","IN_GEN1","AXIS claims summary in FM/ARRAY deck","https://www.pv-magazine.com/wp-content/uploads/2025/07/All-presentations-2.pdf","2025","AXIS claims to Jul 2025","R1","Tornado = 18% of AXIS solar losses (with hail 55%, wildfire 23%)","18%","Peril share of solar claim amount","gross","claim amount","US+Canada","physical damage","exact-pair, tornado-specific","","third-party restatement"
"convective wind × utility-scale solar PV","IN_GEN1","kWh loss-database slide, FM/ARRAY deck","https://www.pv-magazine.com/wp-content/uploads/2025/07/All-presentations-2.pdf","2025","2012–2025","R1","""SCS-wind + Tornado"" = 3.6% of loss dollars (hail shown separately at 72.5%)","3.6%","Peril share of ground-up loss dollars","ground-up","portfolio loss amount ($1.5bn)","US","physical damage","exact-pair, hail explicitly excluded","","best available convective-wind-only share"
"convective wind × utility-scale solar PV","IN_GEN1","Descartes Underwriting, parametric tornado insurance for US utility-scale solar","https://descartesunderwriting.com/white-papers/satellite-powered-protection-parametric-tornado-insurance-us-utility-scale-solar-farms","2025/2026","US SCS 2025 statistics; product terms","R1","Purpose-built parametric tornado product for utility-scale PV; payout = % of insured area damaged × limit (example: 20% of a $50m-insured farm → $10m); covers microcracking, panel shattering, cascading rack failure; even EF-0 tornadoes can cause catastrophic panel damage; US SCS 2025 $68bn economic / $52bn insured, 19 billion-dollar events","20% × $50m = $10m example; $52bn US SCS insured 2025","Parametric payout structure (damaged-area fraction × limit); national peril insured loss","insured","policy limit; national insured loss","US","physical damage + BI","exact-pair, tornado-specific","","product illustration, not a loss distribution"
"convective wind × utility-scale solar PV","IN_GEN1","kWh Analytics, Solar Risk Assessment 2025","https://kwhanalytics.com/wp-content/uploads/2025/06/Solar-Risk-Assessment-2025.pdf","2025","loss database","R1","""Severe winds cause losses through torsional galloping or liberated modules""; mitigations are fixed mounting or single-axis trackers with wind-stow programs, top-tier racking, torque audits, deep pile foundations; SCS damages ""typically include hail, tornado, and straight-line wind"" and are largely caused by hail","no figure","Failure-mechanism identification","n.a.","n.a.","US","physical damage","exact-pair","trackers, racking, torque tubes, piles, modules","qualitative"
"convective wind × utility-scale solar PV","IN_GEN1","FM Data Sheet 7-106","https://www.fm.com/-/media/project/publicwebsites/fmglobal/documentum-new/data-sheet-individual/07-hazards/fmds07106.pdf","2012, rev. April 2026","underlying vintage not disclosed","R1","Tracker arrays must be interlocked to rotate to design stow when any site anemometer reads 25% below the wind-tunnel-determined instability (torsional galloping) speed; ≥2 anemometers per side; minimum safety factor 2.0 on connections; no ballasted ground-mounted panels","25% margin; SF 2.0","Prescriptive design/control thresholds","n.a.","n.a.","global","physical damage","exact-pair","trackers, connections, piles","prescriptive"
"hurricane / tropical cyclone × utility-scale solar PV","IN_GEN1","kWh loss-database slide, FM/ARRAY deck","https://www.pv-magazine.com/wp-content/uploads/2025/07/All-presentations-2.pdf","2025","2012–2025, US","R1","Hurricane = 4.24% of loss dollars in the kWh solar loss database","4.24%","Peril share of ground-up loss dollars","ground-up","portfolio loss amount ($1.5bn)","US","physical damage","exact-pair","n.a.","US-only portfolio"
"hurricane / tropical cyclone × utility-scale solar PV","IN_GEN1","FEMA MAT Report, Hurricanes Irma and Maria in Puerto Rico","https://www.fema.gov/sites/default/files/2020-07/mat-report_hurricane-irma-maria-puerto-rico_2.pdf","2018/2020","Sept 2017 event; 2014–2017-vintage arrays","R5/R6","Reden Solar, Humacao (2×20 MW), ~140 mph: ~75% of Phase 2 panels and ~25% of Phase 1 panels damaged or removed; Oriana 1, Isabela, ~90 mph: ~10% of panels; PR Convention Center carport, San Juan, ~140 mph: <5% of panels, no structural damage. Failures concentrated at single-bolt hat-clip connections; detached panels became wind-borne debris causing successive row failures","75% / 25% / 10% / <5%","Damage ratio as % of panels damaged or removed, by site and estimated wind speed","n.a. (physical count)","panel count","Puerto Rico, 3 sites","physical damage","exact-pair (ground-mounted PV; one site is carport)","","panel-count damage ratio ≠ $ damage ratio; single event; ASCE 7-16 gives no ground-mount PV wind criteria"
"hurricane / tropical cyclone × utility-scale solar PV","IN_GEN1","PR Energy Resiliency Working Group report","https://www.governor.ny.gov/sites/default/files/atoms/files/PRERWG_Report_PR_Grid_Resiliency_Report.pdf","2017/2018","Sept 2017 event","R5","""Of the five solar facilities, at least one solar farm had extensive damage to a large portion of the panels which will need replacement""; estimated repair cost $40m for solar farm repairs; 9–12 months to repair/replace","$40m","Estimated repair cost","repair cost estimate","repair $","Puerto Rico, 5 utility-scale PV plants","physical damage","exact-pair","PV panels","estimate; not an insured loss"
"hurricane / tropical cyclone × utility-scale solar PV","IN_GEN1","FM Data Sheet 7-106","https://www.fm.com/-/media/project/publicwebsites/fmglobal/documentum-new/data-sheet-individual/07-hazards/fmds07106.pdf","2012, rev. April 2026","underlying vintage not disclosed","R1","""avoid locating ground-mounted solar panels in regions prone to tropical storms (such as hurricanes, typhoons and cyclones ...) and where exposed to large windborne debris""; large debris likely at design wind speed ≥120 mph, or 110–120 mph within one mile of an ocean coast","≥120 mph; 110–120 mph + 1 mile","Prescriptive siting-avoidance thresholds","n.a.","n.a.","global","physical damage","exact-pair","modules; connections","strongest single statement that the market treats this pair as a distinct, priced/avoided exposure"
"hurricane / tropical cyclone × utility-scale solar PV","IN_GEN1 (contradicting)","The Invading Sea / Orlando Sentinel, citing FPL earnings call and T&D World","https://www.theinvadingsea.com/2024/12/17/solar-farms-utilities-hurricane-helene-milton-florida-power-and-light-duke-energy-resilience/","2024","Hurricanes Helene and Milton, autumn 2024","R4","Less than 0.05% of nearly 16 million solar panels across 66 FPL sites affected by the storms were damaged, ""none significantly"", despite >$1bn of grid damage; Duke's Lake Placid site was damaged by an EF2 tornado in Milton's outer bands, not core winds, and resumed generation in four days","<0.05% of ~16m panels","Damage ratio as % of panels damaged","n.a. (physical count)","panel count","Florida, 66 sites","physical damage","exact-pair","PV panels","opinion piece relaying utility disclosure; strong evidence that modern code-compliant US PV has very low hurricane damage ratios"
"hail × onshore wind farm","DEGRADATION_CANDIDATE","Pryor & Barthelmie, Hail as a damage vector for renewable energy, iScience","https://pmc.ncbi.nlm.nih.gov/articles/PMC12811466/","2025 (collection Jan 2026)","ASOS 1-min precipitation + NEXRAD MESH/POH, 2005–2022 (18 yr), 883 stations","R6","Mean blade-coating lifetime 21 yr (CR1); >1/3 of stations <18 yr; hail contributes a mean 28% of 18-yr accumulated distance-to-failure nationally and 38% in the south-central region where 44% of US wind capacity (>74 GW) sits; at the SGP exemplar site hail >40%; omitting hail overestimates coating lifetime by up to 50%; LEE reduces AEP by 1–4% on average, up to 25% in extreme cases; blade replacement >$200,000 plus ~7 days lost production; erosion-safe mode during the 1,000 most erosive 5-min hail events (<0.05% of time) extends coating life from 9.8 to 14.8 yr","28%; 38%; 21 yr; 1–4% AEP; >$200k; +5 yr","Fractional contribution to accumulated damage index (ADF); coating lifetime in years; AEP loss %; component replacement cost","n.a. (not an insurance basis)","accumulated damage fraction; AEP; per-blade cost","CONUS; 3 MW WINDPACT reference turbine","degradation (cumulative erosion) → component replacement","exact-pair","blade leading edge / coating; also nacelle-top instrumentation","modelled, not incurred; explicitly conservative (excludes hail hardness)"
"hail × onshore wind farm","DEGRADATION_CANDIDATE","FM Data Sheet 13-10","https://www.fm.com/-/media/project/publicwebsites/fmglobal/documentum-new/data-sheet-individual/13-mechanical/fmds1310.pdf","2012, interim revision October 2025","underlying vintage not disclosed","R1","""The impact of hail stones on wind turbines can cause damage to rotor blades, exposed wind-monitoring instrumentation ... and possibly parts of the nacelle enclosure. Severe hail impacts could cause potentially cause blade delamination over prolonged periods of time ... This type of long-term damage is difficult to detect."" Recommends hail protection for sensors and blades verified against hailstorm exposure. October 2025 changes include: ""Removed recommendations for hail protection""","no figure","Hazard characterisation; prescriptive guidance","n.a.","n.a.","global onshore","degradation (prolonged-period delamination)","exact-pair","rotor blades; anemometers/vanes; nacelle enclosure","insurer explicitly frames the pathway as cumulative, not sudden catastrophic; and de-emphasised hail protection in Oct 2025"
"hail × onshore wind farm","DEGRADATION_CANDIDATE","AXIS Capital, Solar vs Hail","https://axiscapital.foleon.com/thought-leadership/solarvshail/what-the-claims-data-is-telling-us","2025","closed claims 2019–2025","R1","AXIS describes itself as ""an established global insurer of onshore renewables"" and publishes a full hail claims breakdown for **solar PV only**; no hail claims series for wind is presented","none","n.a.","n.a.","n.a.","global","n.a.","evidence of absence for the exact pair","","absence in a source that would report it if material"
"hail × onshore wind farm","DEGRADATION_CANDIDATE","kWh Analytics, Solar Risk Assessment 2025","https://kwhanalytics.com/wp-content/uploads/2025/06/Solar-Risk-Assessment-2025.pdf","2025","loss database","R1","Report covers solar, wind and battery assets; the hail articles and the 73%/6% loss-share statistic are stated for solar PV; no hail loss share is given for wind","none","n.a.","n.a.","n.a.","US","n.a.","evidence of absence for the exact pair","","absence in a source covering both asset classes"
"wildfire × onshore wind farm","INSUFFICIENT_EVIDENCE","FM Data Sheet 13-10","https://www.fm.com/-/media/project/publicwebsites/fmglobal/documentum-new/data-sheet-individual/13-mechanical/fmds1310.pdf","2012, rev. October 2025","underlying vintage not disclosed","R1","""Wildfires can cause thermal damage to land-based wind turbine farms, particularly the collector substations and rotor blades, which are typically made from fiber-reinforced plastic (FRP). Turbine support towers, typically made of steel or sometimes concrete, have not been known to experience significant structural damage from wildfire exposure."" Requires 500 ft clearance for forest/woodland exposure and a 195 ft base clearance for brush/grassland, with up to 45 ft added for low hub-height-minus-rotor-radius geometry","500 ft; 195 ft (+0 to 45 ft)","Prescriptive clearance-zone thresholds; hazard characterisation","n.a.","n.a.","global onshore","physical damage","exact-pair","collector substation; rotor blades (FRP); towers explicitly excluded","insurer states towers not known to be significantly damaged; no loss quantum"
"wildfire × onshore wind farm","INSUFFICIENT_EVIDENCE","Swiss Re, Wind farms","https://www.swissre.com/dam/jcr:dd24316a-aab5-446a-9758-7d58215e24df/Windfarms+Harvesting+energy+on+shaky+grounds+EN.pdf","2017","underlying vintage not disclosed","R1","""Natural catastrophe coverage protects your farm against damage resulting from storms, floods, earthquakes or wildfires""","no figure","Coverage-scope statement","n.a.","n.a.","global","physical damage + delayed start-up","exact-pair (coverage exists)","n.a.","coverage availability, not loss experience"
"wildfire × onshore wind farm","INSUFFICIENT_EVIDENCE","GCube via Insurance Journal","https://www.insurancejournal.com/news/national/2021/07/20/623476.htm","2021","a decade of claims data (≈2011–2020)","R2","""wildfire is a growing source of loss for both wind and solar power producers and insurers""; but the quantified ~50% extreme-weather claims share is stated for **solar**, and the March report finding is that ""solar projects have most frequently been damaged by wildfire, compared to flooding for wind projects""","none for wind","Qualitative attribution","n.a.","n.a.","US","physical damage","asset-class-mixed statement; the quantified part is solar-only","","actively assigns the dominant wind pathway to flood, not wildfire"
"wildfire × onshore wind farm","INSUFFICIENT_EVIDENCE","FM large-loss table, FM/ARRAY deck","https://www.pv-magazine.com/wp-content/uploads/2025/07/All-presentations-2.pdf","2025","2020, 2023 events","R4","The two wildfire entries in FM's large renewable-loss list are annotated ""(mainly solar)""","n.a.","Event attribution","insured (paid)","n.a.","California / Pacific NW","physical damage","evidence of absence for the exact pair","","wind not identified as the loss-bearing asset class"
"wildfire × onshore wind farm","INSUFFICIENT_EVIDENCE (contradicting)","BBC News, Crews called back to scene of major Moray wildfire","https://www.bbc.co.uk/news/uk-scotland-north-east-orkney-shetland-48051279","2019","April 2019 event","R4","Fire burned >20 square miles of grassland at/near Paul's Hill (28 turbines) and Berry Burn wind farms; the operator's UK operations manager ""said the wind turbines themselves were not affected due to having metal bases"", firefighters diverted risk from the building where electricity is routed, and the wind farm was temporarily depowered as a precaution","0 turbines damaged","Damage count; outage cause","n.a.","turbine count","Moray, Scotland","business interruption (precautionary depowering) only","exact-pair","tower base; electrical building","one event; UK grassland fire, not US wildland fire"
"flood × onshore wind farm","INSUFFICIENT_EVIDENCE","Allianz Commercial, Claims activity in the age of greening","https://commercial.allianz.com/news-and-insights/expert-risk-articles/global-risk-dialogue-2025-net-zero-transition-claims.html","2025","recent claim; date not disclosed","R1","""we recently had a claim where heavy rain and floods caused damage and delays for an onshore wind project in construction, affecting access roads, foundations, and earthworks""; also notes new claims from floods in Australia and Germany","no figure","Named claim existence","n.a.","n.a.","global","physical damage + delay","exact-pair, construction phase","","no quantum"
"flood × onshore wind farm","INSUFFICIENT_EVIDENCE","GCube via Insurance Journal","https://www.insurancejournal.com/news/national/2021/07/20/623476.htm","2021","decade of claims data (≈2011–2020)","R2","""solar projects have most frequently been damaged by wildfire, compared to flooding for wind projects""","no figure","Peril ranking by frequency","n.a.","n.a.","global","physical damage","exact-pair, frequency only","","frequency ranking with no severity or share"
"flood × onshore wind farm","INSUFFICIENT_EVIDENCE","GCube via Claims Journal, Arrested Development","https://www.claimsjournal.com/news/national/2024/09/19/326185.htm","2024","global construction claims 2013–2022; $275m onshore CAR/DSU","R2","Nat cat/weather = 48% of onshore renewables construction losses; flooding and heavy rainfall = 18% of claims by frequency but 46% of total claims cost","48%; 18%; 46%","Peril share of loss severity; claim-frequency share; claim-cost share","not stated","onshore renewables construction claim cost","global","physical damage + DSU","asset-class-mixed (onshore wind + solar)","","cannot be attributed to wind alone; construction only"
"flood × onshore wind farm","INSUFFICIENT_EVIDENCE","GCube (Fraser McLachlan) in Windpower Engineering","https://www.windpowerengineering.com/catastrophic-insurance-for-wind-farms-2/","2011","Katrina 2005 and unspecified ""recent events in the U.S.""","R2/R4","""Wind-farm flood exposures are relatively rare because most turbines are generally installed on ridge lines, mesas, or mountain slopes ... However, heavy rains on project sites can erode access roads and scour earth from around turbine foundations. Recent events in the U.S. have resulted in complete turbine collapse."" Katrina flooding (wind-driven water) damaged a Gulf Coast wind farm under construction","complete collapse (unquantified)","Qualitative severity; damage state","n.a.","n.a.","US","physical damage","exact-pair","access roads; foundations (scour); turbine collapse","2011 vintage; no counts, no dollars, no event named"
"flood × onshore wind farm","INSUFFICIENT_EVIDENCE (contradicting)","FM Data Sheet 13-10","https://www.fm.com/-/media/project/publicwebsites/fmglobal/documentum-new/data-sheet-individual/13-mechanical/fmds1310.pdf","2012, rev. October 2025","underlying vintage not disclosed","R1","""Flood damage is not currently a common hazard for most land-based wind farms; but as wind farms become more prevalent, flood may become more of a concern, particularly at coastal locations."" Hazards listed: inundation (collector substation, tower base equipment), wave action and surface flow (undermining foundations), flood-borne debris. Recommends locating turbines outside known flood zones; scour/erosion protection; foundation design allowing for soil saturation","no figure","Hazard characterisation; prescriptive siting guidance","n.a.","n.a.","global onshore","physical damage","exact-pair","collector substation; tower-base equipment; foundations","insurer states the pair is not currently a common hazard"
